Title,Laurier & Metcalfe bike counter - updated daily
2012-01-01,38
2012-01-02,62
2012-01-03,176
2012-01-04,165
2012-01-05,218
2012-01-06,210
2012-01-07,61
2012-01-08,64
2012-01-09,239
2012-01-10,285
2012-01-11,262
2012-01-12,244
2012-01-13,229
2012-01-14,57
2012-01-15,74
2012-01-16,220
2012-01-17,194
2012-01-18,213
2012-01-19,244
2012-01-20,232
2012-01-21,60
2012-01-22,197
2012-01-23,222
2012-01-24,247
2012-01-25,266
2012-01-26,258
2012-01-27,203
2012-01-28,97
2012-01-29,77
2012-01-30,235
2012-01-31,230
2012-02-01,205
2012-02-02,251
2012-02-03,223
2012-02-04,90
2012-02-05,87
2012-02-06,274
2012-02-07,239
2012-02-08,283
2012-02-09,294
2012-02-10,278
2012-02-11,63
2012-02-12,52
2012-02-13,281
2012-02-14,307
2012-02-15,284
2012-02-16,320
2012-02-17,275
2012-02-18,131
2012-02-19,120
2012-02-20,211
2012-02-21,339
2012-02-22,350
2012-02-23,317
2012-02-24,222
2012-02-25,65
2012-02-26,61
2012-02-27,246
2012-02-28,268
2012-02-29,200
2012-03-01,211
2012-03-02,236
2012-03-03,74
2012-03-04,65
2012-03-05,226
2012-03-06,274
2012-03-07,346
2012-03-08,285
2012-03-09,344
2012-03-10,114
2012-03-11,181
2012-03-12,518
2012-03-13,511
2012-03-14,463
2012-03-15,470
2012-03-16,457
2012-03-17,364
2012-03-18,573
2012-03-19,1157
2012-03-20,1456
2012-03-21,1519
2012-03-22,1391
2012-03-23,1291
2012-03-24,384
2012-03-25,380
2012-03-26,659
2012-03-27,726
2012-03-28,448
2012-03-29,788
2012-03-30,811
2012-03-31,456
2012-04-01,197
2012-04-02,1080
2012-04-03,1124
2012-04-04,1054
2012-04-05,1032
2012-04-06,378
2012-04-07,387
2012-04-08,371
2012-04-09,305
2012-04-10,849
2012-04-11,1165
2012-04-12,1466
2012-04-13,1497
2012-04-14,610
2012-04-15,535
2012-04-16,1268
2012-04-17,1450
2012-04-18,1479
2012-04-19,1628
2012-04-20,838
2012-04-21,276
2012-04-22,437
2012-04-23,385
2012-04-24,777
2012-04-25,1103
2012-04-26,1077
2012-04-27,871
2012-04-28,498
2012-04-29,478
2012-04-30,1539
2012-05-01,1124
2012-05-02,1723
2012-05-03,1315
2012-05-04,1415
2012-05-05,850
2012-05-06,913
2012-05-07,2107
2012-05-08,792
2012-05-09,1381
2012-05-10,1439
2012-05-11,1907
2012-05-12,926
2012-05-13,814
2012-05-14,2354
2012-05-15,2384
2012-05-16,1861
2012-05-17,2297
2012-05-18,1995
2012-05-19,956
2012-05-20,1013
2012-05-21,839
2012-05-22,1519
2012-05-23,2535
2012-05-24,2597
2012-05-25,2097
2012-05-26,1256
2012-05-27,1277
2012-05-28,2252
2012-05-29,1854
2012-05-30,2509
2012-05-31,2416
2012-06-01,1653
2012-06-02,529
2012-06-03,432
2012-06-04,1556
2012-06-05,2469
2012-06-06,2294
2012-06-07,2229
2012-06-08,1874
2012-06-09,959
2012-06-10,1119
2012-06-11,2391
2012-06-12,1501
2012-06-13,2674
2012-06-14,2559
2012-06-15,2375
2012-06-16,1047
2012-06-17,961
2012-06-18,2282
2012-06-19,1909
2012-06-20,2396
2012-06-21,2487
2012-06-22,2408
2012-06-23,1265
2012-06-24,882
2012-06-25,1519
2012-06-26,2256
2012-06-27,2523
2012-06-28,2524
2012-06-29,2051
2012-06-30,1047
2012-07-01,1505
2012-07-02,980
2012-07-03,2308
2012-07-04,2536
2012-07-05,2714
2012-07-06,2224
2012-07-07,1106
2012-07-08,1161
2012-07-09,2593
2012-07-10,2939
2012-07-11,2760
2012-07-12,2708
2012-07-13,2283
2012-07-14,1011
2012-07-15,934
2012-07-16,2349
2012-07-17,1969
2012-07-18,2582
2012-07-19,2535
2012-07-20,2271
2012-07-21,910
2012-07-22,944
2012-07-23,1750
2012-07-24,2480
2012-07-25,2556
2012-07-26,1956
2012-07-27,2160
2012-07-28,977
2012-07-29,1013
2012-07-30,2266
2012-07-31,2228
2012-08-01,2236
2012-08-02,2367
2012-08-03,1975
2012-08-04,756
2012-08-05,514
2012-08-06,865
2012-08-07,2133
2012-08-08,2150
2012-08-09,1730
2012-08-10,1149
2012-08-11,746
2012-08-12,716
2012-08-13,1924
2012-08-14,1938
2012-08-15,2286
2012-08-16,2300
2012-08-17,1493
2012-08-18,1061
2012-08-19,823
2012-08-20,2166
2012-08-21,2111
2012-08-22,2323
2012-08-23,2161
2012-08-24,2038
2012-08-25,1019
2012-08-26,1012
2012-08-27,1697
2012-08-28,2289
2012-08-29,2377
2012-08-30,2264
2012-08-31,1426
2012-09-01,903
2012-09-02,856
2012-09-03,917
2012-09-04,1678
2012-09-05,2119
2012-09-06,2083
2012-09-07,2271
2012-09-08,311
2012-09-09,795
2012-09-10,2252
2012-09-11,2389
2012-09-12,2449
2012-09-13,2444
2012-09-14,1545
2012-09-15,895
2012-09-16,814
2012-09-17,2277
2012-09-18,1054
2012-09-19,2171
2012-09-20,2126
2012-09-21,969
2012-09-22,582
2012-09-23,766
2012-09-24,1887
2012-09-25,1912
2012-09-26,1880
2012-09-27,2031
2012-09-28,1873
2012-09-29,666
2012-09-30,308
2012-10-01,1505
2012-10-02,1988
2012-10-03,1945
2012-10-04,1864
2012-10-05,1489
2012-10-06,473
2012-10-07,386
2012-10-08,434
2012-10-09,1875
2012-10-10,1534
2012-10-11,1615
2012-10-12,1379
2012-10-13,521
2012-10-14,183
2012-10-15,1311
2012-10-16,1600
2012-10-17,1543
2012-10-18,1879
2012-10-19,997
2012-10-20,564
2012-10-21,453
2012-10-22,1506
2012-10-23,1637
2012-10-24,1506
2012-10-25,1598
2012-10-26,1657
2012-10-27,359
2012-10-28,278
2012-10-29,1128
2012-10-30,1081
2012-10-31,990
2012-11-01,1046
2012-11-02,905
2012-11-03,380
2012-11-04,352
2012-11-05,1115
2012-11-06,1090
2012-11-07,1032
2012-11-08,1070
2012-11-09,1051
2012-11-10,380
2012-11-11,282
2012-11-12,747
2012-11-13,1174
2012-11-14,1185
2012-11-15,1066
2012-11-16,932
2012-11-17,349
2012-11-18,314
2012-11-19,1062
2012-11-20,1135
2012-11-21,1158
2012-11-22,1155
2012-11-23,947
2012-11-24,264
2012-11-25,227
2012-11-26,400
2012-11-27,507
2012-11-28,540
2012-11-29,478
2012-11-30,486
2012-12-01,153
2012-12-02,81
2012-12-03,660
2012-12-04,636
2012-12-05,662
2012-12-06,587
2012-12-07,612
2012-12-08,152
2012-12-09,180
2012-12-10,192
2012-12-11,262
2012-12-12,336
2012-12-13,375
2012-12-14,447
2012-12-15,142
2012-12-16,92
2012-12-17,193
2012-12-18,205
2012-12-19,287
2012-12-20,296
2012-12-21,87
2012-12-22,40
2012-12-23,53
2012-12-24,108
2012-12-25,27
2012-12-26,54
2012-12-27,72
2012-12-28,103
2012-12-29,79
2012-12-30,41
2012-12-31,96
2013-01-01,56
2013-01-02,127
2013-01-03,159
2013-01-04,165
2013-01-05,78
2013-01-06,62
2013-01-07,231
2013-01-08,254
2013-01-09,252
2013-01-10,283
2013-01-11,217
2013-01-12,116
2013-01-13,85
2013-01-14,311
2013-01-15,295
2013-01-16,330
2013-01-17,282
2013-01-18,188
2013-01-19,75
2013-01-20,61
2013-01-21,195
2013-01-22,212
2013-01-23,178
2013-01-24,163
2013-01-25,178
2013-01-26,64
2013-01-27,110
2013-01-28,199
2013-01-29,194
2013-01-30,205
2013-01-31,223
2013-02-01,204
2013-02-02,71
2013-02-03,79
2013-02-04,205
2013-02-05,218
2013-02-06,259
2013-02-07,214
2013-02-08,149
2013-02-09,92
2013-02-10,84
2013-02-11,198
2013-02-12,216
2013-02-13,252
2013-02-14,269
2013-02-15,208
2013-02-16,68
2013-02-17,60
2013-02-18,133
2013-02-19,235
2013-02-20,211
2013-02-21,231
2013-02-22,207
2013-02-23,74
2013-02-24,90
2013-02-25,271
2013-02-26,301
2013-02-27,205
2013-02-28,202
2013-03-01,245
2013-03-02,85
2013-03-03,69
2013-03-04,252
2013-03-05,267
2013-03-06,325
2013-03-07,336
2013-03-08,356
2013-03-09,192
2013-03-10,162
2013-03-11,388
2013-03-12,364
2013-03-13,392
2013-03-14,297
2013-03-15,258
2013-03-16,129
2013-03-17,105
2013-03-18,349
2013-03-19,172
2013-03-20,250
2013-03-21,276
2013-03-22,277
2013-03-23,139
2013-03-24,144
2013-03-25,425
2013-03-26,529
2013-03-27,556
2013-03-28,605
2013-03-29,300
2013-03-30,335
2013-03-31,262
2013-04-01,244
2013-04-02,497
2013-04-03,550
2013-04-04,739
2013-04-05,650
2013-04-06,326
2013-04-07,216
2013-04-08,950
2013-04-09,955
2013-04-10,1079
2013-04-11,830
2013-04-12,147
2013-04-13,458
2013-04-14,297
2013-04-15,1185
2013-04-16,723
2013-04-17,1330
2013-04-18,1251
2013-04-19,914
2013-04-20,789
2013-04-21,358
2013-04-22,1432
2013-04-23,1552
2013-04-24,1087
2013-04-25,1497
2013-04-26,1208
2013-04-27,516
2013-04-28,747
2013-04-29,1466
2013-04-30,1344
2013-05-01,2180
2013-05-02,2280
2013-05-03,2147
2013-05-04,1009
2013-05-05,1099
2013-05-06,2434
2013-05-07,2492
2013-05-08,2655
2013-05-09,2047
2013-05-10,1550
2013-05-11,592
2013-05-12,501
2013-05-13,1492
2013-05-14,1992
2013-05-15,1803
2013-05-16,2352
2013-05-17,2188
2013-05-18,1018
2013-05-19,638
2013-05-20,828
2013-05-21,1579
2013-05-22,1588
2013-05-23,1439
2013-05-24,1178
2013-05-25,936
2013-05-26,935
2013-05-27,2457
2013-05-28,2601
2013-05-29,1229
2013-05-30,2556
2013-05-31,2245
2013-06-01,884
2013-06-02,636
2013-06-03,2407
2013-06-04,2618
2013-06-05,2539
2013-06-06,1358
2013-06-07,845
2013-06-08,610
2013-06-09,1005
2013-06-10,2334
2013-06-11,862
2013-06-12,2524
2013-06-13,2429
2013-06-14,2348
2013-06-15,1099
2013-06-16,330
2013-06-17,2037
2013-06-18,2510
2013-06-19,2848
2013-06-20,2738
2013-06-21,2582
2013-06-22,582
2013-06-23,930
2013-06-24,1991
2013-06-25,2161
2013-06-26,2379
2013-06-27,2451
2013-06-28,773
2013-06-29,767
2013-06-30,1105
2013-07-01,1557
2013-07-02,1904
2013-07-03,2434
2013-07-04,2451
2013-07-05,1846
2013-07-06,889
2013-07-07,1082
2013-07-08,2091
2013-07-09,2221
2013-07-10,2367
2013-07-11,2449
2013-07-12,2412
2013-07-13,1138
2013-07-14,1143
2013-07-15,2366
2013-07-16,2354
2013-07-17,2155
2013-07-18,2284
2013-07-19,1530
2013-07-20,979
2013-07-21,1039
2013-07-22,2366
2013-07-23,2344
2013-07-24,2410
2013-07-25,2536
2013-07-26,2209
2013-07-27,1008
2013-07-28,590
2013-07-29,2076
2013-07-30,2556
2013-07-31,2564
2013-08-01,1445
2013-08-02,1849
2013-08-03,544
2013-08-04,473
2013-08-05,916
2013-08-06,2408
2013-08-07,2033
2013-08-08,2342
2013-08-09,2161
2013-08-10,1049
2013-08-11,1003
2013-08-12,2245
2013-08-13,1964
2013-08-14,2113
2013-08-15,2473
2013-08-16,2078
2013-08-17,996
2013-08-18,1034
2013-08-19,2368
2013-08-20,2552
2013-08-21,2444
2013-08-22,1311
2013-08-23,2231
2013-08-24,1052
2013-08-25,843
2013-08-26,1910
2013-08-27,2291
2013-08-28,2327
2013-08-29,2454
2013-08-30,1756
2013-08-31,791
2013-09-01,836
2013-09-02,554
2013-09-03,2042
2013-09-04,2316
2013-09-05,2378
2013-09-06,2180
2013-09-07,691
2013-09-08,821
2013-09-09,2323
2013-09-10,1276
2013-09-11,2241
2013-09-12,1638
2013-09-13,1963
2013-09-14,744
2013-09-15,667
2013-09-16,2065
2013-09-17,2294
2013-09-18,2384
2013-09-19,2509
2013-09-20,2392
2013-09-21,373
2013-09-22,633
2013-09-23,2049
2013-09-24,2205
2013-09-25,2407
2013-09-26,2397
2013-09-27,2102
2013-09-28,853
2013-09-29,837
2013-09-30,2259
2013-10-01,2477
2013-10-02,2116
2013-10-03,2451
2013-10-04,1727
2013-10-05,799
2013-10-06,367
2013-10-07,1256
2013-10-08,2128
2013-10-09,2148
2013-10-10,2179
2013-10-11,1757
2013-10-12,619
2013-10-13,480
2013-10-14,513
2013-10-15,1898
2013-10-16,1401
2013-10-17,1890
2013-10-18,1294
2013-10-19,405
2013-10-20,552
2013-10-21,1265
2013-10-22,1654
2013-10-23,1677
2013-10-24,1545
2013-10-25,1422
2013-10-26,238
2013-10-27,396
2013-10-28,1240
2013-10-29,1387
2013-10-30,1387
2013-10-31,901
2013-11-01,931
2013-11-02,391
2013-11-03,329
2013-11-04,1269
2013-11-05,1351
2013-11-06,1261
2013-11-07,1305
2013-11-08,1071
2013-11-09,279
2013-11-10,170
2013-11-11,458
2013-11-12,832
2013-11-13,841
2013-11-14,1065
2013-11-15,1091
2013-11-16,504
2013-11-17,255
2013-11-18,778
2013-11-19,841
2013-11-20,877
2013-11-21,900
2013-11-22,631
2013-11-23,139
2013-11-24,83
2013-11-25,408
2013-11-26,526
2013-11-27,196
2013-11-28,302
2013-11-29,289
2013-11-30,87
2013-12-01,71
2013-12-02,320
2013-12-03,368
2013-12-04,368
2013-12-05,377
2013-12-06,394
2013-12-07,127
2013-12-08,113
2013-12-09,232
2013-12-10,303
2013-12-11,294
2013-12-12,272
2013-12-13,266
2013-12-14,57
2013-12-15,61
2013-12-16,230
2013-12-17,193
2013-12-18,230
2013-12-19,213
2013-12-20,178
2013-12-21,55
2013-12-22,7
2013-12-23,138
2013-12-24,73
2013-12-25,9
2013-12-26,31
2013-12-27,102
2013-12-28,97
2013-12-29,55
2013-12-30,110
2013-12-31,93
2014-01-01,29
2014-01-02,87
2014-01-03,97
2014-01-04,55
2014-01-05,49
2014-01-06,114
2014-01-07,120
2014-01-08,184
2014-01-09,217
2014-01-10,190
2014-01-11,41
2014-01-12,54
2014-01-13,268
2014-01-14,281
2014-01-15,304
2014-01-16,265
2014-01-17,240
2014-01-18,76
2014-01-19,40
2014-01-20,237
2014-01-21,196
2014-01-22,185
2014-01-23,401
2014-01-24,174
2014-01-25,50
2014-01-26,36
2014-01-27,161
2014-01-28,190
2014-01-29,194
2014-01-30,211
2014-01-31,220
2014-02-01,62
2014-02-02,38
2014-02-03,200
2014-02-04,224
2014-02-05,201
2014-02-06,205
2014-02-07,191
2014-02-08,48
2014-02-09,44
2014-02-10,220
2014-02-11,215
2014-02-12,232
2014-02-13,228
2014-02-14,150
2014-02-15,74
2014-02-16,41
2014-02-17,120
2014-02-18,180
2014-02-19,210
2014-02-20,243
2014-02-21,155
2014-02-22,80
2014-02-23,56
2014-02-24,233
2014-02-25,241
2014-02-26,205
2014-02-27,201
2014-02-28,198
2014-03-01,56
2014-03-02,38
2014-03-03,196
2014-03-04,207
2014-03-05,228
2014-03-06,237
2014-03-07,215
2014-03-08,59
2014-03-09,60
2014-03-10,253
2014-03-11,235
2014-03-12,201
2014-03-13,165
2014-03-14,193
2014-03-15,76
2014-03-16,53
2014-03-17,217
2014-03-18,295
2014-03-19,249
2014-03-20,216
2014-03-21,232
2014-03-22,37
2014-03-23,34
2014-03-24,257
2014-03-25,295
2014-03-26,243
2014-03-27,260
2014-03-28,185
2014-03-29,74
2014-03-30,50
2014-03-31,316
2014-04-01,406
2014-04-02,455
2014-04-03,505
2014-04-04,371
2014-04-05,112
2014-04-06,255
2014-04-07,732
2014-04-08,387
2014-04-09,724
2014-04-10,844
2014-04-11,945
2014-04-12,507
2014-04-13,235
2014-04-14,773
2014-04-15,310
2014-04-16,517
2014-04-17,828
2014-04-18,244
2014-04-19,371
2014-04-20,345
2014-04-21,441
2014-04-22,519
2014-04-23,1035
2014-04-24,1223
2014-04-25,1236
2014-04-26,213
2014-04-27,462
2014-04-28,1529
2014-04-29,1151
2014-04-30,653
2014-05-01,806
2014-05-02,1279
2014-05-03,471
2014-05-04,291
2014-05-05,1626
2014-05-06,1918
2014-05-07,1914
2014-05-08,2024
2014-05-09,1287
2014-05-10,772
2014-05-11,777
2014-05-12,2114
2014-05-13,1658
2014-05-14,1816
2014-05-15,1937
2014-05-16,881
2014-05-17,677
2014-05-18,703
2014-05-19,780
2014-05-20,2378
2014-05-21,2532
2014-05-22,1957
2014-05-23,1789
2014-05-24,1026
2014-05-25,1223
2014-05-26,1869
2014-05-27,2277
2014-05-28,2247
2014-05-29,2347
2014-05-30,2196
2014-05-31,1198
2014-06-01,985
2014-06-02,2591
2014-06-03,1514
2014-06-04,2536
2014-06-05,2012
2014-06-06,2302
2014-06-07,1148
2014-06-08,1043
2014-06-09,2655
2014-06-10,2713
2014-06-11,1733
2014-06-12,1012
2014-06-13,983
2014-06-14,872
2014-06-15,996
2014-06-16,2578
2014-06-17,2457
2014-06-18,2551
2014-06-19,2747
2014-06-20,2601
2014-06-21,1230
2014-06-22,1232
2014-06-23,2857
2014-06-24,949
2014-06-25,2322
2014-06-26,2784
2014-06-27,2600
2014-06-28,1103
2014-06-29,884
2014-06-30,1806
2014-07-01,1355
2014-07-02,2367
2014-07-03,2315
2014-07-04,2313
2014-07-05,1184
2014-07-06,1078
2014-07-07,1260
2014-07-08,2475
2014-07-09,2638
2014-07-10,2914
2014-07-11,2568
2014-07-12,1113
2014-07-13,525
2014-07-14,2653
2014-07-15,1868
2014-07-16,2669
2014-07-17,2755
2014-07-18,2427
2014-07-19,986
2014-07-20,889
2014-07-21,2517
2014-07-22,2724
2014-07-23,2273
2014-07-24,2789
2014-07-25,2395
2014-07-26,789
2014-07-27,763
2014-07-28,1872
2014-07-29,2717
2014-07-30,1372
2014-07-31,1979
2014-08-01,2025
2014-08-02,869
2014-08-03,872
2014-08-04,834
2014-08-05,2221
2014-08-06,2564
2014-08-07,2475
2014-08-08,2314
2014-08-09,1018
2014-08-10,987
2014-08-11,2479
2014-08-12,1388
2014-08-13,1105
2014-08-14,1596
2014-08-15,1567
2014-08-16,484
2014-08-17,796
2014-08-18,2368
2014-08-19,2537
2014-08-20,2398
2014-08-21,1528
2014-08-22,2081
2014-08-23,1169
2014-08-24,956
2014-08-25,2530
2014-08-26,2575
2014-08-27,2614
2014-08-28,2422
2014-08-29,2085
2014-08-30,823
2014-08-31,565
2014-09-01,778
2014-09-02,1875
2014-09-03,2525
2014-09-04,2699
2014-09-05,2164
2014-09-06,636
2014-09-07,1023
2014-09-08,2567
2014-09-09,2790
2014-09-10,2518
2014-09-11,1656
2014-09-12,2092
2014-09-13,300
2014-09-14,557
2014-09-15,2006
2014-09-16,2409
2014-09-17,1973
2014-09-18,2128
2014-09-19,1902
2014-09-20,666
2014-09-21,478
2014-09-22,1677
2014-09-23,2125
2014-09-24,2220
2014-09-25,2434
2014-09-26,2221
2014-09-27,945
2014-09-28,948
2014-09-29,2164
2014-09-30,2192
2014-10-01,2211
2014-10-02,2229
2014-10-03,1989
2014-10-04,320
2014-10-05,570
2014-10-06,1731
2014-10-07,1375
2014-10-08,1222
2014-10-09,1528
2014-10-10,1434
2014-10-11,406
2014-10-12,358
2014-10-13,432
2014-10-14,2023
2014-10-15,1103
2014-10-16,1153
2014-10-17,1361
2014-10-18,393
2014-10-19,346
2014-10-20,1344
2014-10-21,1012
2014-10-22,1438
2014-10-23,1674
2014-10-24,1696
2014-10-25,409
2014-10-26,393
2014-10-27,1537
2014-10-28,1100
2014-10-29,1495
2014-10-30,1541
2014-10-31,1294
2014-11-01,332
2014-11-02,406
2014-11-03,1383
2014-11-04,1200
2014-11-05,1362
2014-11-06,1196
2014-11-07,876
2014-11-08,302
2014-11-09,284
2014-11-10,1014
2014-11-11,837
2014-11-12,1119
2014-11-13,1104
2014-11-14,912
2014-11-15,275
2014-11-16,173
2014-11-17,380
2014-11-18,340
2014-11-19,378
2014-11-20,423
2014-11-21,335
2014-11-22,126
2014-11-23,180
2014-11-24,545
2014-11-25,688
2014-11-26,704
2014-11-27,711
2014-11-28,554
2014-11-29,199
2014-11-30,203
2014-12-01,607
2014-12-02,457
2014-12-03,376
2014-12-04,313
2014-12-05,270
2014-12-06,114
2014-12-07,92
2014-12-08,305
2014-12-09,390
2014-12-10,228
2014-12-11,222
2014-12-12,207
2014-12-13,71
2014-12-14,70
2014-12-15,311
2014-12-16,311
2014-12-17,307
2014-12-18,295
2014-12-19,262
2014-12-20,66
2014-12-21,47
2014-12-22,232
2014-12-23,172
2014-12-24,137
2014-12-25,51
2014-12-26,78
2014-12-27,145
2014-12-28,84
2014-12-29,188
2014-12-30,145
2014-12-31,157
2015-01-01,54
2015-01-02,140
2015-01-03,35
2015-01-04,26
2015-01-05,130
2015-01-06,168
2015-01-07,152
2015-01-08,206
2015-01-09,183
2015-01-10,44
2015-01-11,48
2015-01-12,223
2015-01-13,174
2015-01-14,171
2015-01-15,203
2015-01-16,178
2015-01-17,32
2015-01-18,61
2015-01-19,209
2015-01-20,201
2015-01-21,200
2015-01-22,203
2015-01-23,250
2015-01-24,77
2015-01-25,97
2015-01-26,191
2015-01-27,233
2015-01-28,216
2015-01-29,201
2015-01-30,136
2015-01-31,31
2015-02-01,43
2015-02-02,144
2015-02-03,178
2015-02-04,175
2015-02-05,151
2015-02-06,164
2015-02-07,35
2015-02-08,25
2015-02-09,155
2015-02-10,213
2015-02-11,234
2015-02-12,179
2015-02-13,133
2015-02-14,34
2015-02-15,14
2015-02-16,95
2015-02-17,156
2015-02-18,191
2015-02-19,154
2015-02-20,144
2015-02-21,25
2015-02-22,36
2015-02-23,161
2015-02-24,154
2015-02-25,201
2015-02-26,185
2015-02-27,179
2015-02-28,49
2015-03-01,35
2015-03-02,213
2015-03-03,197
2015-03-04,201
2015-03-05,187
2015-03-06,169
2015-03-07,46
2015-03-08,60
2015-03-09,246
2015-03-10,305
2015-03-11,368
2015-03-12,299
2015-03-13,287
2015-03-14,59
2015-03-15,52
2015-03-16,278
2015-03-17,266
2015-03-18,245
2015-03-19,291
2015-03-20,318
2015-03-21,57
2015-03-22,45
2015-03-23,224
2015-03-24,341
2015-03-25,369
2015-03-26,405
2015-03-27,247
2015-03-28,108
2015-03-29,133
2015-03-30,350
2015-03-31,499
2015-04-01,578
2015-04-02,367
2015-04-03,379
2015-04-04,204
2015-04-05,89
2015-04-06,221
2015-04-07,778
2015-04-08,711
2015-04-09,638
2015-04-10,531
2015-04-11,292
2015-04-12,560
2015-04-13,1385
2015-04-14,1437
2015-04-15,1513
2015-04-16,1514
2015-04-17,1526
2015-04-18,551
2015-04-19,490
2015-04-20,568
2015-04-21,784
2015-04-22,926
2015-04-23,1052
2015-04-24,1024
2015-04-25,444
2015-04-26,426
2015-04-27,1453
2015-04-28,1889
2015-04-29,1966
2015-04-30,1937
2015-05-01,1893
2015-05-02,931
2015-05-03,897
2015-05-04,1781
2015-05-05,2400
2015-05-06,2448
2015-05-07,2568
2015-05-08,2373
2015-05-09,763
2015-05-10,490
2015-05-11,982
2015-05-12,1652
2015-05-13,2245
2015-05-14,2260
2015-05-15,2041
2015-05-16,630
2015-05-17,854
2015-05-18,666
2015-05-19,2531
2015-05-20,2379
2015-05-21,2484
2015-05-22,1983
2015-05-23,880
2015-05-24,1145
2015-05-25,1584
2015-05-26,2548
2015-05-27,2401
2015-05-28,2115
2015-05-29,2437
2015-05-30,663
2015-05-31,749
2015-06-01,2199
2015-06-02,1896
2015-06-03,2714
2015-06-04,2763
2015-06-05,1791
2015-06-06,1103
2015-06-07,935
2015-06-08,899
2015-06-09,1804
2015-06-10,2100
2015-06-11,2501
2015-06-12,1147
2015-06-13,656
2015-06-14,662
2015-06-15,2459
2015-06-16,1378
2015-06-17,3131
2015-06-18,2965
2015-06-19,2830
2015-06-20,1746
2015-06-21,867
2015-06-22,3332
2015-06-23,2332
2015-06-24,3051
2015-06-25,3330
2015-06-26,2173
2015-06-27,990
2015-06-28,364
2015-06-29,2137
2015-06-30,2573
2015-07-01,719
2015-07-02,2860
2015-07-03,2619
2015-07-04,1060
2015-07-05,1060
2015-07-06,2893
2015-07-07,2571
2015-07-08,3102
2015-07-09,2927
2015-07-10,2732
2015-07-11,1106
2015-07-12,1025
2015-07-13,2710
2015-07-14,2524
2015-07-15,2938
2015-07-16,2938
2015-07-17,2082
2015-07-18,926
2015-07-19,857
2015-07-20,2713
2015-07-21,2013
2015-07-22,2844
2015-07-23,2787
2015-07-24,2307
2015-07-25,766
2015-07-26,836
2015-07-27,2389
2015-07-28,2536
2015-07-29,2473
2015-07-30,1794
2015-07-31,2059
2015-08-01,886
2015-08-02,895
2015-08-03,647
2015-08-04,2367
2015-08-05,2494
2015-08-06,2481
2015-08-07,2180
2015-08-08,972
2015-08-09,972
2015-08-10,2600
2015-08-11,1210
2015-08-12,2372
2015-08-13,2578
2015-08-14,1553
2015-08-15,910
2015-08-16,756
2015-08-17,2394
2015-08-18,2426
2015-08-19,2448
2015-08-20,1872
2015-08-21,2211
2015-08-22,972
2015-08-23,965
2015-08-24,2266
2015-08-25,2589
2015-08-26,2263
2015-08-27,2234
2015-08-28,2089
2015-08-29,793
2015-08-30,914
2015-08-31,2553
2015-09-01,2641
2015-09-02,2356
2015-09-03,2555
2015-09-04,2114
2015-09-05,858
2015-09-06,798
2015-09-07,739
2015-09-08,2327
2015-09-09,2230
2015-09-10,2673
2015-09-11,2497
2015-09-12,303
2015-09-13,285
2015-09-14,2197
2015-09-15,2739
2015-09-16,2697
2015-09-17,2597
2015-09-18,2572
2015-09-19,723
2015-09-20,893
2015-09-21,2420
2015-09-22,2609
2015-09-23,2628
2015-09-24,2614
2015-09-25,2368
2015-09-26,776
2015-09-27,824
2015-09-28,1742
2015-09-29,1386
2015-09-30,2070
2015-10-01,2028
2015-10-02,1791
2015-10-03,551
2015-10-04,506
2015-10-05,1936
2015-10-06,2110
2015-10-07,2168
2015-10-08,2029
2015-10-09,746
2015-10-10,448
2015-10-11,397
2015-10-12,519
2015-10-13,1186
2015-10-14,2033
2015-10-15,1429
2015-10-16,1530
2015-10-17,460
2015-10-18,373
2015-10-19,1359
2015-10-20,1813
2015-10-21,1700
2015-10-22,1731
2015-10-23,1580
2015-10-24,464
2015-10-25,363
2015-10-26,1577
2015-10-27,1788
2015-10-28,746
2015-10-29,1161
2015-10-30,1345
2015-10-31,391
2015-11-01,279
2015-11-02,1589
2015-11-03,1957
2015-11-04,1864
2015-11-05,2018
2015-11-06,1290
2015-11-07,501
2015-11-08,384
2015-11-09,1648
2015-11-10,1531
2015-11-11,869
2015-11-12,793
2015-11-13,881
2015-11-14,297
2015-11-15,363
2015-11-16,1536
2015-11-17,1422
2015-11-18,1457
2015-11-19,1011
2015-11-20,1229
2015-11-21,320
2015-11-22,283
2015-11-23,1142
2015-11-24,593
2015-11-25,770
2015-11-26,1031
2015-11-27,747
2015-11-28,221
2015-11-29,314
2015-11-30,897
2015-12-01,578
2015-12-02,597
2015-12-03,756
2015-12-04,769
2015-12-05,324
2015-12-06,302
2015-12-07,943
2015-12-08,970
2015-12-09,1060
2015-12-10,1043
2015-12-11,843
2015-12-12,343
2015-12-13,200
2015-12-14,799
2015-12-15,732
2015-12-16,861
2015-12-17,611
2015-12-18,802
2015-12-19,138
2015-12-20,151
2015-12-21,395
2015-12-22,500
2015-12-23,583
2015-12-24,523
2015-12-25,103
2015-12-26,131
2015-12-27,53
2015-12-28,61
2015-12-29,19
2015-12-30,37
2015-12-31,112
2016-01-01,31
2016-01-02,61
2016-01-03,29
2016-01-04,187
2016-01-05,245
2016-01-06,297
2016-01-07,309
2016-01-08,283
2016-01-09,42
2016-01-10,24
2016-01-11,244
2016-01-12,203
2016-01-13,202
2016-01-14,192
2016-01-15,225
2016-01-16,51
2016-01-17,47
2016-01-18,212
2016-01-19,218
2016-01-20,249
2016-01-21,264
2016-01-22,249
2016-01-23,134
2016-01-24,37
2016-01-25,261
2016-01-26,310
2016-01-27,270
2016-01-28,270
2016-01-29,237
2016-01-30,54
2016-01-31,53
2016-02-01,333
2016-02-02,346
2016-02-03,149
2016-02-04,283
2016-02-05,275
2016-02-06,66
2016-02-07,58
2016-02-08,295
2016-02-09,260
2016-02-10,226
2016-02-11,211
2016-02-12,185
2016-02-13,19
2016-02-14,22
2016-02-15,99
2016-02-16,53
2016-02-17,94
2016-02-18,79
2016-02-19,157
2016-02-20,47
2016-02-21,63
2016-02-22,271
2016-02-23,271
2016-02-24,158
2016-02-25,151
2016-02-26,132
2016-02-27,39
2016-02-28,40
2016-02-29,167
2016-03-01,197
2016-03-02,95
2016-03-03,184
2016-03-04,216
2016-03-05,51
2016-03-06,54
2016-03-07,263
2016-03-08,322
2016-03-09,298
2016-03-10,354
2016-03-11,419
2016-03-12,204
2016-03-13,202
2016-03-14,318
2016-03-15,433
2016-03-16,479
2016-03-17,515
2016-03-18,500
2016-03-19,200
2016-03-20,192
2016-03-21,575
2016-03-22,574
2016-03-23,500
2016-03-24,194
2016-03-25,45
2016-03-26,119
2016-03-27,157
2016-03-28,66
2016-03-29,621
2016-03-30,848
2016-03-31,410
2016-04-01,745
2016-04-02,252
2016-04-03,161
2016-04-04,643
2016-04-05,697
2016-04-06,432
2016-04-07,253
2016-04-08,405
2016-04-09,165
2016-04-10,174
2016-04-11,282
2016-04-12,811
2016-04-13,980
2016-04-14,1208
2016-04-15,1270
2016-04-16,612
2016-04-17,750
2016-04-18,1307
2016-04-19,1665
2016-04-20,1809
2016-04-21,1826
2016-04-22,823
2016-04-23,527
2016-04-24,550
2016-04-25,1709
2016-04-26,1549
2016-04-27,1691
2016-04-28,1797
2016-04-29,1693
2016-04-30,832
2016-05-01,300
2016-05-02,1755
2016-05-03,2417
2016-05-04,2289
2016-05-05,2549
2016-05-06,2447
2016-05-07,911
2016-05-08,483
2016-05-09,2127
2016-05-10,2642
2016-05-11,2977
2016-05-12,2980
2016-05-13,1560
2016-05-14,713
2016-05-15,473
2016-05-16,2029
2016-05-17,2713
2016-05-18,2930
2016-05-19,2734
2016-05-20,2687
2016-05-21,1040
2016-05-22,1144
2016-05-23,1068
2016-05-24,3322
2016-05-25,3294
2016-05-26,3229
2016-05-27,2872
2016-05-28,1213
2016-05-29,1230
2016-05-30,3220
2016-05-31,3432
2016-06-01,3428
2016-06-02,2004
2016-06-03,3092
2016-06-04,1406
2016-06-05,305
2016-06-06,2743
2016-06-07,2958
2016-06-08,2723
2016-06-09,2922
2016-06-10,3055
2016-06-11,507
2016-06-12,552
2016-06-13,2918
2016-06-14,3530
2016-06-15,3523
2016-06-16,3587
2016-06-17,3398
2016-06-18,1410
2016-06-19,1075
2016-06-20,3056
2016-06-21,3741
2016-06-22,3521
2016-06-23,3688
2016-06-24,3223
2016-06-25,1402
2016-06-26,1231
2016-06-27,2525
2016-06-28,3275
2016-06-29,4128
2016-06-30,3366
2016-07-01,1208
2016-07-02,1008
2016-07-03,1282
2016-07-04,3286
2016-07-05,3595
2016-07-06,3402
2016-07-07,3128
2016-07-08,2597
2016-07-09,459
2016-07-10,843
2016-07-11,3371
2016-07-12,3590
2016-07-13,3348
2016-07-14,2495
2016-07-15,2526
2016-07-16,1244
2016-07-17,1278
2016-07-18,3027
2016-07-19,3552
2016-07-20,3474
2016-07-21,3318
2016-07-22,2636
2016-07-23,1070
2016-07-24,1139
2016-07-25,1781
2016-07-26,3338
2016-07-27,3359
2016-07-28,3112
2016-07-29,2763
2016-07-30,1140
2016-07-31,974
2016-08-01,1036
2016-08-02,3014
2016-08-03,3202
2016-08-04,3055
2016-08-05,2521
2016-08-06,1152
2016-08-07,1069
2016-08-08,3192
2016-08-09,3364
2016-08-10,3206
2016-08-11,2979
2016-08-12,1788
2016-08-13,355
2016-08-14,941
2016-08-15,3287
2016-08-16,1597
2016-08-17,3216
2016-08-18,3018
2016-08-19,2847
2016-08-20,1094
2016-08-21,443
2016-08-22,2908
2016-08-23,3234
2016-08-24,3045
2016-08-25,2463
2016-08-26,2716
2016-08-27,967
2016-08-28,797
2016-08-29,2993
2016-08-30,3036
2016-08-31,2869
2016-09-01,3013
2016-09-02,2514
2016-09-03,907
2016-09-04,959
2016-09-05,936
2016-09-06,3169
2016-09-07,3082
2016-09-08,2115
2016-09-09,2806
2016-09-10,798
2016-09-11,749
2016-09-12,3084
2016-09-13,3246
2016-09-14,2636
2016-09-15,2952
2016-09-16,2824
2016-09-17,524
2016-09-18,1018
2016-09-19,2952
2016-09-20,3048
2016-09-21,3022
2016-09-22,2501
2016-09-23,1846
2016-09-24,818
2016-09-25,698
2016-09-26,2438
2016-09-27,2704
2016-09-28,2665
2016-09-29,2675
2016-09-30,2353
2016-10-01,663
2016-10-02,353
2016-10-03,2464
2016-10-04,2801
2016-10-05,2835
2016-10-06,2763
2016-10-07,2218
2016-10-08,331
2016-10-09,384
2016-10-10,394
2016-10-11,2319
2016-10-12,2603
2016-10-13,1528
2016-10-14,2178
2016-10-15,663
2016-10-16,342
2016-10-17,2142
2016-10-18,1781
2016-10-19,2505
2016-10-20,1357
2016-10-21,691
2016-10-22,192
2016-10-23,395
2016-10-24,1798
2016-10-25,1720
2016-10-26,1749
2016-10-27,1221
2016-10-28,733
2016-10-29,232
2016-10-30,351
2016-10-31,1496
2016-11-01,1527
2016-11-02,1828
2016-11-03,995
2016-11-04,1358
2016-11-05,451
2016-11-06,459
2016-11-07,1691
2016-11-08,1844
2016-11-09,1582
2016-11-10,1579
2016-11-11,690
2016-11-12,378
2016-11-13,433
2016-11-14,1712
2016-11-15,1735
2016-11-16,1263
2016-11-17,1524
2016-11-18,1297
2016-11-19,404
2016-11-20,71
2016-11-21,289
2016-11-22,401
2016-11-23,526
2016-11-24,298
2016-11-25,341
2016-11-26,179
2016-11-27,153
2016-11-28,769
2016-11-29,375
2016-11-30,606
2016-12-01,680
2016-12-02,722
2016-12-03,242
2016-12-04,201
2016-12-05,285
2016-12-06,408
2016-12-07,363
2016-12-08,409
2016-12-09,325
2016-12-10,106
2016-12-11,72
2016-12-12,184
2016-12-13,299
2016-12-14,319
2016-12-15,232
2016-12-16,184
2016-12-17,55
2016-12-18,36
2016-12-19,198
2016-12-20,291
2016-12-21,281
2016-12-22,214
2016-12-23,251
2016-12-24,44
2016-12-25,25
2016-12-26,33
2016-12-27,65
2016-12-28,129
2016-12-29,102
2016-12-30,106
2016-12-31,44
2017-01-01,41
2017-01-02,50
2017-01-03,151
2017-01-04,154
2017-01-05,165
2017-01-06,173
2017-01-07,48
2017-01-08,43
2017-01-09,206
2017-01-10,237
2017-01-11,230
2017-01-12,322
2017-01-13,278
2017-01-14,42
2017-01-15,100
2017-01-16,276
2017-01-17,310
2017-01-18,233
2017-01-19,278
2017-01-20,284
2017-01-21,98
2017-01-22,71
2017-01-23,309
2017-01-24,248
2017-01-25,317
2017-01-26,288
2017-01-27,271
2017-01-28,66
2017-01-29,60
2017-01-30,257
2017-01-31,296
2017-02-01,269
2017-02-02,309
2017-02-03,271
2017-02-04,68
2017-02-05,46
2017-02-06,240
2017-02-07,192
2017-02-08,216
2017-02-09,226
2017-02-10,231
2017-02-11,48
2017-02-12,30
2017-02-13,168
2017-02-14,148
2017-02-15,149
2017-02-16,196
2017-02-17,239
2017-02-18,73
2017-02-19,73
2017-02-20,206
2017-02-21,314
2017-02-22,396
2017-02-23,410
2017-02-24,305
2017-02-25,84
2017-02-26,135
2017-02-27,430
2017-02-28,508
2017-03-01,335
2017-03-02,249
2017-03-03,250
2017-03-04,53
2017-03-05,67
2017-03-06,285
2017-03-07,200
2017-03-08,415
2017-03-09,377
2017-03-10,335
2017-03-11,67
2017-03-12,55
2017-03-13,272
2017-03-14,221
2017-03-15,77
2017-03-16,222
2017-03-17,254
2017-03-18,111
2017-03-19,106
2017-03-20,463
2017-03-21,437
2017-03-22,307
2017-03-23,437
2017-03-24,228
2017-03-25,123
2017-03-26,89
2017-03-27,254
2017-03-28,414
2017-03-29,521
2017-03-30,664
2017-03-31,310
2017-04-01,140
2017-04-02,308
2017-04-03,997
2017-04-04,364
2017-04-05,867
2017-04-06,370
2017-04-07,562
2017-04-08,440
2017-04-09,499
2017-04-10,1551
2017-04-11,932
2017-04-12,1101
2017-04-13,1485
2017-04-14,582
2017-04-15,351
2017-04-16,107
2017-04-17,496
2017-04-18,1702
2017-04-19,998
2017-04-20,1512
2017-04-21,784
2017-04-22,535
2017-04-23,833
2017-04-24,1856
2017-04-25,1580
2017-04-26,1901
2017-04-27,2357
2017-04-28,2271
2017-04-29,801
2017-04-30,243
2017-05-01,515
2017-05-02,1689
2017-05-03,2067
2017-05-04,2421
2017-05-05,527
2017-05-06,194
2017-05-07,407
2017-05-08,1255
2017-05-09,1831
2017-05-10,2582
2017-05-11,2599
2017-05-12,2529
2017-05-13,451
2017-05-14,443
2017-05-15,2763
2017-05-16,3062
2017-05-17,3249
2017-05-18,2754
2017-05-19,2356
2017-05-20,1313
2017-05-21,608
2017-05-22,1611
2017-05-23,3269
2017-05-24,3320
2017-05-25,2174
2017-05-26,1790
2017-05-27,1706
2017-05-28,1751
2017-05-29,1088
2017-05-30,2151
2017-05-31,2704
2017-06-01,3104
2017-06-02,2390
2017-06-03,1429
2017-06-04,959
2017-06-05,1991
2017-06-06,1344
2017-06-07,3728
2017-06-08,3704
2017-06-09,3208
2017-06-10,1529
2017-06-11,1346
2017-06-12,3164
2017-06-13,3661
2017-06-14,3871
2017-06-15,3580
2017-06-16,2119
2017-06-17,1187
2017-06-18,1083
2017-06-19,3407
2017-06-20,2726
2017-06-21,3586
2017-06-22,3628
2017-06-23,1533
2017-06-24,1461
2017-06-25,895
2017-06-26,3429
2017-06-27,2690
2017-06-28,3572
2017-06-29,1837
2017-06-30,2101
2017-07-01,1452
2017-07-02,1645
2017-07-03,1562
2017-07-04,3772
2017-07-05,4005
2017-07-06,3812
2017-07-07,2407
2017-07-08,1321
2017-07-09,1471
2017-07-10,2603
2017-07-11,3196
2017-07-12,3474
2017-07-13,3056
2017-07-14,2642
2017-07-15,1516
2017-07-16,1457
2017-07-17,2985
2017-07-18,3774
2017-07-19,3370
2017-07-20,3364
2017-07-21,3125
2017-07-22,1455
2017-07-23,1202
2017-07-24,617
2017-07-25,3186
2017-07-26,3314
2017-07-27,3535
2017-07-28,4092
2017-07-29,2148
2017-07-30,2160
2017-07-31,3164
2017-08-01,3618
2017-08-02,3120
2017-08-03,3070
2017-08-04,1500
2017-08-05,976
2017-08-06,1258
2017-08-07,1120
2017-08-08,3259
2017-08-09,3441
2017-08-10,2996
2017-08-11,2592
2017-08-12,743
2017-08-13,1441
2017-08-14,3251
2017-08-15,2995
2017-08-16,3498
2017-08-17,3273
2017-08-18,1315
2017-08-19,952
2017-08-20,1483
2017-08-21,3112
2017-08-22,1730
2017-08-23,3198
2017-08-24,3277
2017-08-25,2741
2017-08-26,1247
2017-08-27,1629
2017-08-28,3156
2017-08-29,3334
2017-08-30,3273
2017-08-31,2647
2017-09-01,2340
2017-09-02,1088
2017-09-03,218
2017-09-04,452
2017-09-05,2911
2017-09-06,2957
2017-09-07,1988
2017-09-08,2420
2017-09-09,1148
2017-09-10,1193
2017-09-11,3253
2017-09-12,3556
2017-09-13,3432
2017-09-14,3615
2017-09-15,3218
2017-09-16,1404
2017-09-17,1377
2017-09-18,3261
2017-09-19,3377
2017-09-20,3479
2017-09-21,3520
2017-09-22,3077
2017-09-23,1267
2017-09-24,1117
2017-09-25,3065
2017-09-26,3129
2017-09-27,2829
2017-09-28,3114
2017-09-29,2532
2017-09-30,900
2017-10-01,944
2017-10-02,2916
2017-10-03,3108
2017-10-04,2071
2017-10-05,2879
2017-10-06,2359
2017-10-07,438
2017-10-08,604
2017-10-09,259
2017-10-10,2840
2017-10-11,2577
2017-10-12,2580
2017-10-13,2274
2017-10-14,677
2017-10-15,422
2017-10-16,2115
2017-10-17,2234
2017-10-18,2612
2017-10-19,2708
2017-10-20,2359
2017-10-21,958
2017-10-22,922
2017-10-23,2615
2017-10-24,1285
2017-10-25,2438
2017-10-26,2186
2017-10-27,2077
2017-10-28,703
2017-10-29,184
2017-10-30,650
2017-10-31,1775
2017-11-01,1425
2017-11-02,791
2017-11-03,1480
2017-11-04,482
2017-11-05,162
2017-11-06,1606
2017-11-07,1690
2017-11-08,1703
2017-11-09,1370
2017-11-10,664
2017-11-11,337
2017-11-12,305
2017-11-13,668
2017-11-14,1377
2017-11-15,1439
2017-11-16,1027
2017-11-17,1046
2017-11-18,143
2017-11-19,70
2017-11-20,465
2017-11-21,709
2017-11-22,791
2017-11-23,790
2017-11-24,882
2017-11-25,292
2017-11-26,198
2017-11-27,445
2017-11-28,604
2017-11-29,836
2017-11-30,677
2017-12-01,752
2017-12-02,309
2017-12-03,231
2017-12-04,902
2017-12-05,598
2017-12-06,848
2017-12-07,772
2017-12-08,736
2017-12-09,198
2017-12-10,144
2017-12-11,427
2017-12-12,254
2017-12-13,293
2017-12-14,288
2017-12-15,319
2017-12-16,77
2017-12-17,55
2017-12-18,339
2017-12-19,264
2017-12-20,291
2017-12-21,283
2017-12-22,238
2017-12-23,68
2017-12-24,35
2017-12-25,23
2017-12-26,34
2017-12-27,103
2017-12-28,76
2017-12-29,86
2017-12-30,41
2017-12-31,34
2018-01-01,26
2018-01-02,153
2018-01-03,242
2018-01-04,300
2018-01-05,158
2018-01-06,41
2018-01-07,32
2018-01-08,187
2018-01-09,320
2018-01-10,320
2018-01-11,280
2018-01-12,262
2018-01-13,61
2018-01-14,50
2018-01-15,239
2018-01-16,295
2018-01-17,290
2018-01-18,331
2018-01-19,285
2018-01-20,108
2018-01-21,86
2018-01-22,298
2018-01-23,185
2018-01-24,270
2018-01-25,261
2018-01-26,250
2018-01-27,80
2018-01-28,76
2018-01-29,311
2018-01-30,320
2018-01-31,285
2018-02-01,260
2018-02-02,234
2018-02-03,77
2018-02-04,64
2018-02-05,260
2018-02-06,287
2018-02-07,234
2018-02-08,263
2018-02-09,285
2018-02-10,67
2018-02-11,57
2018-02-12,268
2018-02-13,283
2018-02-14,333
2018-02-15,291
2018-02-16,267
2018-02-17,81
2018-02-18,77
2018-02-19,197
2018-02-20,239
2018-02-21,335
2018-02-22,351
2018-02-23,265
2018-02-24,116
2018-02-25,59
2018-02-26,427
2018-02-27,464
2018-02-28,434
2018-03-01,565
2018-03-02,473
2018-03-03,131
2018-03-04,131
2018-03-05,503
2018-03-06,566
2018-03-07,308
2018-03-08,313
2018-03-09,298
2018-03-10,109
2018-03-11,115
2018-03-12,460
2018-03-13,252
2018-03-14,242
2018-03-15,341
2018-03-16,339
2018-03-17,88
2018-03-18,122
2018-03-19,394
2018-03-20,459
2018-03-21,537
2018-03-22,610
2018-03-23,598
2018-03-24,192
2018-03-25,203
2018-03-26,684
2018-03-27,709
2018-03-28,673
2018-03-29,621
2018-03-30,200
2018-03-31,224
2018-04-01,141
2018-04-02,292
2018-04-03,813
2018-04-04,279
2018-04-05,476
2018-04-06,559
2018-04-07,246
2018-04-08,230
2018-04-09,921
2018-04-10,926
2018-04-11,993
2018-04-12,705
2018-04-13,803
2018-04-14,210
2018-04-15,91
2018-04-16,126
2018-04-17,378
2018-04-18,665
2018-04-19,775
2018-04-20,983
2018-04-21,629
2018-04-22,665
2018-04-23,2043
2018-04-24,2000
2018-04-25,885
2018-04-26,1038
2018-04-27,1855
2018-04-28,350
2018-04-29,342
2018-04-30,2120
2018-05-01,2484
2018-05-02,2120
2018-05-03,1232
2018-05-04,1336
2018-05-05,940
2018-05-06,949
2018-05-07,2698
2018-05-08,3006
2018-05-09,3181
2018-05-10,1607
2018-05-11,2357
2018-05-12,1052
2018-05-13,982
2018-05-14,3025
2018-05-15,2515
2018-05-16,3065
2018-05-17,2838
2018-05-18,2416
2018-05-19,456
2018-05-20,846
2018-05-21,975
2018-05-22,2560
2018-05-23,2915
2018-05-24,3091
2018-05-25,2240
2018-05-26,887
2018-05-27,1258
2018-05-28,2661
2018-05-29,3332
2018-05-30,3187
2018-05-31,2736
2018-06-01,2266
2018-06-02,1270
2018-06-03,1046
2018-06-04,1094
2018-06-05,1845
2018-06-06,2627
2018-06-07,2735
2018-06-08,2799
2018-06-09,1114
2018-06-10,1093
2018-06-11,3181
2018-06-12,3361
2018-06-13,2096
2018-06-14,2003
2018-06-15,2701
2018-06-16,1262
2018-06-17,992
2018-06-18,2067
2018-06-19,3410
2018-06-20,3201
2018-06-21,3290
2018-06-22,2838
2018-06-23,801
2018-06-24,963
2018-06-25,3056
2018-06-26,3498
2018-06-27,2682
2018-06-28,2590
2018-06-29,2858
2018-06-30,971
2018-07-01,1066
2018-07-02,610
2018-07-03,2832
2018-07-04,2893
2018-07-05,2776
2018-07-06,2796
2018-07-07,1107
2018-07-08,1126
2018-07-09,3027
2018-07-10,3302
2018-07-11,2999
2018-07-12,2965
2018-07-13,2933
2018-07-14,1026
2018-07-15,1039
2018-07-16,2747
2018-07-17,2976
2018-07-18,3274
2018-07-19,3261
2018-07-20,2690
2018-07-21,969
2018-07-22,568
2018-07-23,2118
2018-07-24,1456
2018-07-25,987
2018-07-26,2687
2018-07-27,2385
2018-07-28,955
2018-07-29,996
2018-07-30,2905
2018-07-31,3025
2018-08-01,2146
2018-08-02,2894
2018-08-03,2295
2018-08-04,993
2018-08-05,874
2018-08-06,2724
2018-08-07,1896
2018-08-08,2371
2018-08-09,2699
2018-08-10,2688
2018-08-11,1041
2018-08-12,1016
2018-08-13,2717
2018-08-14,2355
2018-08-15,2217
2018-08-16,2905
2018-08-17,1391
2018-08-18,974
2018-08-19,993
2018-08-20,2636
2018-08-21,2015
2018-08-22,1977
2018-08-23,2727
2018-08-24,2210
2018-08-25,1009
2018-08-26,995
2018-08-27,2230
2018-08-28,2357
2018-08-29,2238
2018-08-30,2738
2018-08-31,2167
2018-09-01,1026
2018-09-02,989
2018-09-03,2062
2018-09-04,2184
2018-09-05,2260
2018-09-06,2691
2018-09-07,2131
2018-09-08,1033
2018-09-09,1018
2018-09-10,2431
2018-09-11,2251
2018-09-12,2228
2018-09-13,2698
2018-09-14,2801
2018-09-15,1009
2018-09-16,928
2018-09-17,3021
2018-09-18,3016
2018-09-19,2970
2018-09-20,2460
2018-09-21,1286
2018-09-22,1125
2018-09-23,850
2018-09-24,1763
2018-09-25,1041
2018-09-26,2029
2018-09-27,2716
2018-09-28,2425
2018-09-29,720
2018-09-30,527
2018-10-01,2296
2018-10-02,1297
2018-10-03,2352
2018-10-04,1615
2018-10-05,1819
2018-10-06,401
2018-10-07,376
2018-10-08,304
2018-10-09,2277
2018-10-10,2301
2018-10-11,1611
2018-10-12,2032
2018-10-13,580
2018-10-14,573
2018-10-15,1498
2018-10-16,1980
2018-10-17,1892
2018-10-18,1677
2018-10-19,1839
2018-10-20,476
2018-10-21,350
2018-10-22,1623
2018-10-23,1731
2018-10-24,1762
2018-10-25,1636
2018-10-26,1543
2018-10-27,300
2018-10-28,159
2018-10-29,1253
2018-10-30,1688
2018-10-31,910
2018-11-01,1449
2018-11-02,841
2018-11-03,855
2018-11-04,421
2018-11-05,680
2018-11-06,1255
2018-11-07,1584
2018-11-08,1590
2018-11-09,1110
2018-11-10,424
2018-11-11,293
2018-11-12,346
2018-11-13,619
2018-11-14,946
2018-11-15,1015
2018-11-16,602
2018-11-17,564
2018-11-18,118
2018-11-19,285
2018-11-20,453
2018-11-21,546
2018-11-22,572
2018-11-23,562
2018-11-24,490
2018-11-25,149
2018-11-26,311
2018-11-27,404
2018-11-28,546
2018-11-29,680
2018-11-30,586
2018-12-01,443
2018-12-02,178
2018-12-03,315
2018-12-04,675
2018-12-05,499
2018-12-06,612
2018-12-07,561
2018-12-08,381
2018-12-09,143
2018-12-10,250
2018-12-11,394
2018-12-12,338
2018-12-13,332
2018-12-14,310
2018-12-15,218
2018-12-16,77
2018-12-17,238
2018-12-18,379
2018-12-19,328
2018-12-20,412
2018-12-21,254
2018-12-22,159
2018-12-23,58
2018-12-24,88
2018-12-25,27
2018-12-26,43
2018-12-27,122
2018-12-28,98
2018-12-29,72
2018-12-30,51
2018-12-31,99
2019-01-01,28
2019-01-02,161
2019-01-03,219
2019-01-04,275
2019-01-05,115
2019-01-06,33
2019-01-07,190
2019-01-08,203
2019-01-09,324
2019-01-10,318
2019-01-11,249
2019-01-12,141
2019-01-13,52
2019-01-14,184
2019-01-15,298
2019-01-16,311
2019-01-17,278
2019-01-18,298
2019-01-19,158
2019-01-20,79
2019-01-21,137
2019-01-22,261
2019-01-23,169
2019-01-24,196
2019-01-25,226
2019-01-26,144
2019-01-27,61
2019-01-28,170
2019-01-29,219
2019-01-30,261
2019-01-31,255
2019-02-01,222
2019-02-02,116
2019-02-03,63
2019-02-04,136
2019-02-05,224
2019-02-06,256
2019-02-07,239
2019-02-08,249
2019-02-09,160
2019-02-10,68
2019-02-11,173
2019-02-12,232
2019-02-13,149
2019-02-14,231
2019-02-15,197
2019-02-16,135
2019-02-17,65
2019-02-18,151
2019-02-19,234
2019-02-20,248
2019-02-21,273
2019-02-22,279
2019-02-23,147
2019-02-24,76
2019-02-25,125
2019-02-26,309
2019-02-27,311
2019-02-28,323
2019-03-01,309
2019-03-02,63
2019-03-03,70
2019-03-04,317
2019-03-05,328
2019-03-06,304
2019-03-07,304
2019-03-08,308
2019-03-09,103
2019-03-10,15
2019-03-11,266
2019-03-12,304
2019-03-13,281
2019-03-14,231
2019-03-15,176
2019-03-16,39
2019-03-17,49
2019-03-18,186
2019-03-19,195
2019-03-20,221
2019-03-21,323
2019-03-22,328
2019-03-23,65
2019-03-24,62
2019-03-25,202
2019-03-26,244
2019-03-27,490
2019-03-28,591
2019-03-29,310
2019-03-30,32
2019-03-31,48
2019-04-01,267
2019-04-02,354
2019-04-03,385
2019-04-04,361
2019-04-05,324
2019-04-06,169
2019-04-07,121
2019-04-08,168
2019-04-09,167
2019-04-10,220
2019-04-11,367
2019-04-12,328
2019-04-13,285
2019-04-14,93
2019-04-15,264
2019-04-16,641
2019-04-17,731
2019-04-18,375
2019-04-19,30
2019-04-20,110
2019-04-21,200
2019-04-22,461
2019-04-23,875
2019-04-24,582
2019-04-25,1283
2019-04-26,750
2019-04-27,280
2019-04-28,548
2019-04-29,1892
2019-04-30,1995
2019-05-01,999
2019-05-02,1676
2019-05-03,908
2019-05-04,1013
2019-05-05,1347
2019-05-06,2868
2019-05-07,3187
2019-05-08,2966
2019-05-09,1746
2019-05-10,1155
2019-05-11,913
2019-05-12,903
2019-05-13,2106
2019-05-14,1474
2019-05-15,2579
2019-05-16,2845
2019-05-17,1965
2019-05-18,966
2019-05-19,651
2019-05-20,742
2019-05-21,2817
2019-05-22,3487
2019-05-23,1979
2019-05-24,2672
2019-05-25,789
2019-05-26,1406
2019-05-27,3176
2019-05-28,1909
2019-05-29,3249
2019-05-30,3114
2019-05-31,2875
2019-06-01,1144
2019-06-02,576
2019-06-03,2474
2019-06-04,3046
2019-06-05,2611
2019-06-06,3630
2019-06-07,3180
2019-06-08,1397
2019-06-09,1322
2019-06-10,2783
2019-06-11,2975
2019-06-12,3758
2019-06-13,2670
2019-06-14,1760
2019-06-15,365
2019-06-16,1316
2019-06-17,3515
2019-06-18,3671
2019-06-19,3577
2019-06-20,2510
2019-06-21,3204
2019-06-22,1308
2019-06-23,1502
2019-06-24,3409
2019-06-25,2159
2019-06-26,2730
2019-06-27,3518
2019-06-28,2497
2019-06-29,1033
2019-06-30,1186
2019-07-01,1544
2019-07-02,3182
2019-07-03,3676
2019-07-04,3645
2019-07-05,2571
2019-07-06,1169
2019-07-07,1544
2019-07-08,3484
2019-07-09,3968
2019-07-10,3804
2019-07-11,2312
2019-07-12,3139
2019-07-13,1277
2019-07-14,1419
2019-07-15,3526
2019-07-16,2881
2019-07-17,3379
2019-07-18,3513
2019-07-19,2673
2019-07-20,889
2019-07-21,1101
2019-07-22,3128
2019-07-23,3424
2019-07-24,3451
2019-07-25,3254
2019-07-26,2866
2019-07-27,976
2019-07-28,888
2019-07-29,2852
2019-07-30,2346
2019-07-31,3416
2019-08-01,3258
2019-08-02,2650
2019-08-03,919
2019-08-04,962
2019-08-05,908
2019-08-06,2398
2019-08-07,2236
2019-08-08,2275
2019-08-09,2455
2019-08-10,952
2019-08-11,968
2019-08-12,2560
2019-08-13,3109
2019-08-14,3172
2019-08-15,3061
2019-08-16,2686
2019-08-17,591
2019-08-18,858
2019-08-19,2443
2019-08-20,3168
2019-08-21,1940
2019-08-22,3138
2019-08-23,2737
2019-08-24,1132
2019-08-25,1262
2019-08-26,3026
2019-08-27,3159
2019-08-28,1405
2019-08-29,3147
2019-08-30,2281
2019-08-31,895
2019-09-01,1020
2019-09-02,728
2019-09-03,3101
2019-09-04,2827
2019-09-05,3388
2019-09-06,2616
2019-09-07,680
2019-09-08,870
2019-09-09,3094
2019-09-10,2492
2019-09-11,2962
2019-09-12,3070
2019-09-13,2737
2019-09-14,745
2019-09-15,721
2019-09-16,3030
2019-09-17,3138
2019-09-18,2960
2019-09-19,3187
2019-09-20,2906
2019-09-21,1021
2019-09-22,877
2019-09-23,1263
2019-09-24,2665
2019-09-25,3042
2019-09-26,1738
2019-09-27,2998
2019-09-28,402
2019-09-29,790
2019-09-30,2533
2019-10-01,1569
2019-10-02,2359
2019-10-03,2092
2019-10-04,1999
2019-10-05,774
2019-10-06,482
2019-10-07,2310
2019-10-08,2630
2019-10-09,2562
2019-10-10,2604
2019-10-11,2102
2019-10-12,378
2019-10-13,453
2019-10-14,282
2019-10-15,2211
2019-10-16,1456
2019-10-17,983
2019-10-18,1854
2019-10-19,558
2019-10-20,567
2019-10-21,2203
2019-10-22,1322
2019-10-23,2095
2019-10-24,1754
2019-10-25,1951
2019-10-26,647
2019-10-27,129
2019-10-28,2018
2019-10-29,2263
2019-10-30,1543
2019-10-31,848
2019-11-01,911
2019-11-02,284
2019-11-03,334
2019-11-04,1348
2019-11-05,1541
2019-11-06,1454
2019-11-07,810
2019-11-08,911
2019-11-09,224
2019-11-10,183
2019-11-11,334
2019-11-12,303
2019-11-13,365
2019-11-14,395
2019-11-15,364
2019-11-16,99
2019-11-17,102
2019-11-18,545
2019-11-19,660
2019-11-20,730
2019-11-21,751
2019-11-22,574
2019-11-23,217
2019-11-24,221
2019-11-25,940
2019-11-26,988
2019-11-27,534
2019-11-28,756
2019-11-29,665
2019-11-30,187
2019-12-01,114
2019-12-02,691
2019-12-03,754
2019-12-04,519
2019-12-05,531
2019-12-06,423
2019-12-07,160
2019-12-08,105
2019-12-09,483
2019-12-10,609
2019-12-11,529
2019-12-12,501
2019-12-13,504
2019-12-14,73
2019-12-15,37
2019-12-16,385
2019-12-17,438
2019-12-18,391
2019-12-19,254
2019-12-20,304
2019-12-21,72
2019-12-22,86
2019-12-23,325
2019-12-24,196
2019-12-25,24
2019-12-26,57
2019-12-27,103
2019-12-28,82
2019-12-29,75
2019-12-30,90
2019-12-31,112
2020-01-01,29
2020-01-02,242
2020-01-03,259
2020-01-04,109
2020-01-05,59
2020-01-06,348
2020-01-07,396
2020-01-08,382
2020-01-09,370
2020-01-10,372
2020-01-11,36
2020-01-12,47
2020-01-13,352
2020-01-14,369
2020-01-15,371
2020-01-16,350
2020-01-17,259
2020-01-18,45
2020-01-19,42
2020-01-20,318
2020-01-21,359
2020-01-22,390
2020-01-23,465
2020-01-24,367
2020-01-25,54
2020-01-26,36
2020-01-27,376
2020-01-28,410
2020-01-29,386
2020-01-30,374
2020-01-31,333
2020-02-01,85
2020-02-02,64
2020-02-03,389
2020-02-04,416
2020-02-05,386
2020-02-06,318
2020-02-07,200
2020-02-08,45
2020-02-09,48
2020-02-10,256
2020-02-11,377
2020-02-12,376
2020-02-13,324
2020-02-14,207
2020-02-15,57
2020-02-16,76
2020-02-17,198
2020-02-18,255
2020-02-19,342
2020-02-20,371
2020-02-21,285
2020-02-22,89
2020-02-23,105
2020-02-24,494
2020-02-25,449
2020-02-26,353
2020-02-27,149
2020-02-28,229
2020-02-29,45
2020-03-01,50
2020-03-02,326
2020-03-03,353
2020-03-04,368
2020-03-05,409
2020-03-06,271
2020-03-07,80
2020-03-08,111
2020-03-09,490
2020-03-10,384
2020-03-11,481
2020-03-12,548
2020-03-13,306
2020-03-14,190
2020-03-15,146
2020-03-16,265
2020-03-17,137
2020-03-18,289
2020-03-19,227
2020-03-20,169
2020-03-21,128
2020-03-22,163
2020-03-23,96
2020-03-24,152
2020-03-25,224
2020-03-26,144
2020-03-27,364
2020-03-28,332
2020-03-29,54
2020-03-30,100
2020-03-31,339
2020-04-01,283
2020-04-02,346
2020-04-03,213
2020-04-04,528
2020-04-05,210
2020-04-06,468
2020-04-07,435
2020-04-08,274
2020-04-09,140
2020-04-10,222
2020-04-11,394
2020-04-12,308
2020-04-13,79
2020-04-14,332
2020-04-15,244
2020-04-16,276
2020-04-17,322
2020-04-18,746
2020-04-19,132
2020-04-20,444
2020-04-21,152
2020-04-22,178
2020-04-23,373
2020-04-24,391
2020-04-25,920
2020-04-26,383
2020-04-27,431
2020-04-28,690
2020-04-29,502
2020-04-30,115
2020-05-01,490
2020-05-02,1030
2020-05-03,867
2020-05-04,346
2020-05-05,557
2020-05-06,739
2020-05-07,499
2020-05-08,354
2020-05-09,229
2020-05-10,433
2020-05-11,505
2020-05-12,458
2020-05-13,720
2020-05-14,646
2020-05-15,298
2020-05-16,1032
2020-05-17,1032
2020-05-18,956
2020-05-19,700
2020-05-20,940
2020-05-21,917
2020-05-22,932
2020-05-23,1197
2020-05-24,1057
2020-05-25,638
2020-05-26,707
2020-05-27,785
2020-05-28,657
2020-05-29,710
2020-05-30,756
2020-05-31,724
2020-06-01,754
2020-06-02,501
2020-06-03,662
2020-06-04,1060
2020-06-05,1297
2020-06-06,949
2020-06-07,1190
2020-06-08,979
2020-06-09,874
2020-06-10,741
2020-06-11,926
2020-06-12,970
2020-06-13,847
2020-06-14,1099
2020-06-15,1065
2020-06-16,1185
2020-06-17,1203
2020-06-18,1137
2020-06-19,1067
2020-06-20,1001
2020-06-21,833
2020-06-22,839
2020-06-23,894
2020-06-24,1033
2020-06-25,1099
2020-06-26,1129
2020-06-27,730
2020-06-28,921
2020-06-29,994
2020-06-30,1148
2020-07-01,1119
2020-07-02,889
2020-07-03,1098
2020-07-04,1074
2020-07-05,1002
2020-07-06,1176
2020-07-07,1118
2020-07-08,1100
2020-07-09,973
2020-07-10,1005
2020-07-11,606
2020-07-12,847
2020-07-13,1202
2020-07-14,1244
2020-07-15,1332
2020-07-16,995
2020-07-17,1225
2020-07-18,1145
2020-07-19,841
2020-07-20,1254
2020-07-21,1522
2020-07-22,1080
2020-07-23,1314
2020-07-24,1532
2020-07-25,1205
2020-07-26,1071
2020-07-27,928
2020-07-28,1388
2020-07-29,1118
2020-07-30,1119
2020-07-31,1405
2020-08-01,1227
2020-08-02,302
2020-08-03,1064
2020-08-04,451
2020-08-05,1169
2020-08-06,1497
2020-08-07,1419
2020-08-08,1389
2020-08-09,682
2020-08-10,1143
2020-08-11,897
2020-08-12,1417
2020-08-13,1443
2020-08-14,1377
2020-08-15,1394
2020-08-16,739
2020-08-17,989
2020-08-18,1077
2020-08-19,1350
2020-08-20,1024
2020-08-21,1179
2020-08-22,1425
2020-08-23,897
2020-08-24,1030
2020-08-25,1265
2020-08-26,1365
2020-08-27,740
2020-08-28,1352
2020-08-29,355
2020-08-30,1123
2020-08-31,1232
2020-09-01,1255
2020-09-02,763
2020-09-03,1403
2020-09-04,1151
2020-09-05,942
2020-09-06,1179
2020-09-07,539
2020-09-08,1010
2020-09-09,769
2020-09-10,931
2020-09-11,1278
2020-09-12,1256
2020-09-13,346
2020-09-14,1024
2020-09-15,1000
2020-09-16,1158
2020-09-17,1071
2020-09-18,1032
2020-09-19,918
2020-09-20,746
2020-09-21,957
2020-09-22,1115
2020-09-23,1191
2020-09-24,1043
2020-09-25,1103
2020-09-26,1062
2020-09-27,872
2020-09-28,1090
2020-09-29,669
2020-09-30,589
2020-10-01,839
2020-10-02,598
2020-10-03,835
2020-10-04,508
2020-10-05,629
2020-10-06,732
2020-10-07,385
2020-10-08,781
2020-10-09,806
2020-10-10,762
2020-10-11,479
2020-10-12,415
2020-10-13,360
2020-10-14,883
2020-10-15,493
2020-10-16,579
2020-10-17,806
2020-10-18,453
2020-10-19,426
2020-10-20,685
2020-10-21,357
2020-10-22,683
2020-10-23,1035
2020-10-24,574
2020-10-25,389
2020-10-26,275
2020-10-27,561
2020-10-28,530
2020-10-29,49
2020-10-30,397
2020-10-31,306
2020-11-01,106
2020-11-02,224
2020-11-03,123
2020-11-04,284
2020-11-05,537
2020-11-06,553
2020-11-07,560
2020-11-08,446
2020-11-09,590
2020-11-10,655
2020-11-11,361
2020-11-12,404
2020-11-13,364
2020-11-14,283
2020-11-15,88
2020-11-16,270
2020-11-17,292
2020-11-18,232
2020-11-19,374
2020-11-20,425
2020-11-21,245
2020-11-22,90
2020-11-23,84
2020-11-24,122
2020-11-25,53
2020-11-26,130
2020-11-27,172
2020-11-28,163
2020-11-29,169
2020-11-30,174
2020-12-01,175
2020-12-02,172
2020-12-03,173
2020-12-04,137
2020-12-05,133
2020-12-06,85
2020-12-07,188
2020-12-08,200
2020-12-09,63
2020-12-10,142
2020-12-11,197
2020-12-12,77
2020-12-13,84
2020-12-14,169
2020-12-15,118
2020-12-16,99
2020-12-17,101
2020-12-18,112
2020-12-19,80
2020-12-20,47
2020-12-21,143
2020-12-22,149
2020-12-23,94
2020-12-24,84
2020-12-25,22
2020-12-26,27
2020-12-27,37
2020-12-28,38
2020-12-29,61
2020-12-30,36
2020-12-31,60
2021-01-01,53
2021-01-02,30
2021-01-03,30
2021-01-04,97
2021-01-05,93
2021-01-06,85
2021-01-07,91
2021-01-08,80
2021-01-09,55
2021-01-10,56
2021-01-11,107
2021-01-12,108
2021-01-13,101
2021-01-14,97
2021-01-15,100
2021-01-16,2
2021-01-17,23
2021-01-18,58
2021-01-19,69
2021-01-20,59
2021-01-21,46
2021-01-22,73
2021-01-23,35
2021-01-24,23
2021-01-25,60
2021-01-26,66
2021-01-27,66
2021-01-28,66
2021-01-29,58
2021-01-30,32
2021-01-31,22
2021-02-01,54
2021-02-02,79
2021-02-03,83
2021-02-04,66
2021-02-05,46
2021-02-06,31
2021-02-07,17
2021-02-08,62
2021-02-09,60
2021-02-10,61
2021-02-11,56
2021-02-12,51
2021-02-13,34
2021-02-14,35
2021-02-15,43
2021-02-16,15
2021-02-17,55
2021-02-18,67
2021-02-19,71
2021-02-20,40
2021-02-21,40
2021-02-22,51
2021-02-23,65
2021-02-24,73
2021-02-25,61
2021-02-26,96
